{
	"info": {
		"_postman_id": "ef464436-4a58-4285-883e-199c84c0684d",
		"name": "jedlik-backend-starter",
		"schema": "https://schema.getpostman.com/json/collection/v2.1.0/collection.json",
		"_exporter_id": "5252233"
	},
	"item": [
		{
			"name": "nside",
			"item": [
				{
					"name": "getAll",
					"request": {
						"method": "GET",
						"header": [],
						"url": {
							"raw": "http://localhost:5000/api/ingatlan",
							"protocol": "http",
							"host": [
								"localhost"
							],
							"port": "5000",
							"path": [
								"api",
								"xyzN"
							]
						}
					},
					"response": []
				},
				{
					"name": "getById",
					"request": {
						"method": "GET",
						"header": [],
						"url": {
							"raw": "http://localhost:5000/api/ingatlan/101",
							"protocol": "http",
							"host": [
								"localhost"
							],
							"port": "5000",
							"path": [
								"api",
								"xyzN",
								"101"
							]
						}
					},
					"response": []
				},
				{
					"name": "getByKeyword",
					"request": {
						"method": "GET",
						"header": [],
						"url": {
							"raw": "http://localhost:5000/api/ingatlan/keyword/k2",
							"protocol": "http",
							"host": [
								"localhost"
							],
							"port": "5000",
							"path": [
								"api",
								"xyzN",
								"keyword",
								"k2"
							]
						}
					},
					"response": []
				},
				{
					"name": "getPaginatedData",
					"request": {
						"method": "GET",
						"header": [],
						"url": {
							"raw": "http://localhost:5000/api/ingatlan/0/2/prepTime/DESC/kerül",
							"protocol": "http",
							"host": [
								"localhost"
							],
							"port": "5000",
							"path": [
								"api",
								"xyzN",
								"0",
								"2",
								"prepTime",
								"DESC",
								"kerül"
							]
						}
					},
					"response": []
				},
				{
					"name": "create",
					"request": {
						"method": "POST",
						"header": [],
						"body": {
							"mode": "raw",
							"raw": "{\r\n    \"_id\": 99,\r\n    \"minMaxExample\": 0,\r\n    \"prepTime\": 12,\r\n    \"isGlutenFree\": true,\r\n    \"description\": \"leírás szövege ide kerül majdanán\",\r\n    \"name\": \"recept neve 99\",\r\n    \"kategoria\": 1,\r\n    \"dateExample\": \"2020-07-19T22:00:00.000Z\"\r\n}",
							"options": {
								"raw": {
									"language": "json"
								}
							}
						},
						"url": {
							"raw": "http://localhost:5000/api/ingatlan",
							"protocol": "http",
							"host": [
								"localhost"
							],
							"port": "5000",
							"path": [
								"api",
								"xyzN"
							]
						}
					},
					"response": []
				},
				{
					"name": "modifyPATCH",
					"request": {
						"method": "PATCH",
						"header": [],
						"body": {
							"mode": "raw",
							"raw": "{\r\n    \"dateExample\": \"2028-07-19T22:00:00.000Z\"\r\n}",
							"options": {
								"raw": {
									"language": "json"
								}
							}
						},
						"url": {
							"raw": "http://localhost:5000/api/ingatlan/1",
							"protocol": "http",
							"host": [
								"localhost"
							],
							"port": "5000",
							"path": [
								"api",
								"xyzN",
								"1"
							]
						}
					},
					"response": []
				},
				{
					"name": "modifyPUT",
					"request": {
						"method": "PUT",
						"header": [],
						"body": {
							"mode": "raw",
							"raw": "{\r\n    \"minMaxExample\": 3,\r\n    \"prepTime\": 12,\r\n    \"isGlutenFree\": true,\r\n    \"description\": \"leírás szövege ide kerül majdanán\",\r\n    \"name\": \"recept neve 91219\",\r\n    \"kategoria\": 1,\r\n    \"dateExample\": \"2029-07-19T22:00:00.000Z\"\r\n}",
							"options": {
								"raw": {
									"language": "json"
								}
							}
						},
						"url": {
							"raw": "http://localhost:5000/api/ingatlan/1",
							"protocol": "http",
							"host": [
								"localhost"
							],
							"port": "5000",
							"path": [
								"api",
								"xyzN",
								"1"
							]
						}
					},
					"response": []
				},
				{
					"name": "delete",
					"request": {
						"method": "DELETE",
						"header": [],
						"body": {
							"mode": "raw",
							"raw": "",
							"options": {
								"raw": {
									"language": "json"
								}
							}
						},
						"url": {
							"raw": "http://localhost:5000/api/ingatlan/1",
							"protocol": "http",
							"host": [
								"localhost"
							],
							"port": "5000",
							"path": [
								"api",
								"xyzN",
								"1"
							]
						}
					},
					"response": []
				}
			]
		},
		{
			"name": "oneside",
			"item": [
				{
					"name": "getAll",
					"request": {
						"method": "GET",
						"header": [],
						"url": {
							"raw": "http://localhost:5000/api/ingatlan",
							"protocol": "http",
							"host": [
								"localhost"
							],
							"port": "5000",
							"path": [
								"api",
								"xyz1"
							]
						}
					},
					"response": []
				}
			]
		}
	]
}