{
    "client": "Thunder Client",
    "collectionName": "Backend teszt2",
    "dateExported": "2023-04-18T10:12:52.639Z",
    "version": "1.1",
    "folders": [],
    "requests": [
        {
            "_id": "16df8756-9a22-4eaa-947d-42215a42ac1f",
            "colId": "3347791b-073f-46c7-a00d-bb778961e873",
            "containerId": "",
            "name": "getBridgesOrderByField",
            "url": "http://127.0.0.1:3000/api/danube/bridges/bridgeName/desc",
            "method": "GET",
            "sortNum": 20000,
            "created": "2023-04-13T09:18:58.525Z",
            "modified": "2023-04-18T09:51:25.748Z",
            "headers": [],
            "params": [],
            "tests": []
        },
        {
            "_id": "f968e802-ee82-49d1-87f9-67eadd4d7c34",
            "colId": "3347791b-073f-46c7-a00d-bb778961e873",
            "containerId": "",
            "name": "insertBridge",
            "url": "http://127.0.0.1:3000/api/danube/bridges",
            "method": "POST",
            "sortNum": 30000,
            "created": "2023-04-13T09:30:21.947Z",
            "modified": "2023-04-18T09:56:08.867Z",
            "headers": [],
            "params": [],
            "body": {
                "type": "json",
                "raw": "{    \n  \n  \"bridgeName\": \"Galvani-híd\",\n  \"description\": \"A híd Budapest tervezett ...\",\n  \"isPublicRoad\": true,\n  \"flowKm\": 1641,\n  \"routes\": \"Budapest, XI. és IX. kerület\",\n  \"location\": 2,\n  \"deliveryDate\": \"2024-11-30\",\n  \"pictureUrl\": \"http://elit.jedlik.eu/nits/bridges/123.jpg\"   \n  \n} ",
                "form": []
            },
            "tests": []
        },
        {
            "_id": "516096f7-fe53-40cf-a695-fd40ecc1e677",
            "colId": "3347791b-073f-46c7-a00d-bb778961e873",
            "containerId": "",
            "name": "updateBridge",
            "url": "http://127.0.0.1:3000/api/danube/bridges/1",
            "method": "PATCH",
            "sortNum": 40000,
            "created": "2023-04-18T09:54:52.251Z",
            "modified": "2023-04-18T10:12:07.494Z",
            "headers": [],
            "params": [],
            "body": {
                "type": "json",
                "raw": "{   \n  \"routes\": \"M0-s autóút északi része\" \n} ",
                "form": []
            },
            "tests": []
        }
    ]
}
