{ 
"orszag":
[
{"azon":"1","orszag":"Ausztrália","kontinens":"Ausztrália és Óceánia"},
{"azon":"2","orszag":"Ausztria","kontinens":"Európa"},
{"azon":"3","orszag":"Belgium","kontinens":"Európa"},
{"azon":"4","orszag":"Chile","kontinens":"Dél-Amerika"},
{"azon":"5","orszag":"Csehszlovákia","kontinens":"Európa"},
{"azon":"6","orszag":"Dánia","kontinens":"Európa"},
{"azon":"7","orszag":"Dél-afrikai Köztársaság","kontinens":"Afrika"},
{"azon":"8","orszag":"Egyesült Államok","kontinens":"Észak- és Közép-Amerika"},
{"azon":"9","orszag":"Egyiptom","kontinens":"Afrika"},
{"azon":"10","orszag":"Finnország","kontinens":"Európa"},
{"azon":"11","orszag":"Franciaország","kontinens":"Európa"},
{"azon":"12","orszag":"Görögország","kontinens":"Európa"},
{"azon":"13","orszag":"Guatemala","kontinens":"Észak- és Közép-Amerika"},
{"azon":"14","orszag":"India","kontinens":"Ázsia"},
{"azon":"15","orszag":"Írország","kontinens":"Európa"},
{"azon":"16","orszag":"Izland","kontinens":"Európa"},
{"azon":"17","orszag":"Izrael","kontinens":"Ázsia"},
{"azon":"18","orszag":"Japán","kontinens":"Ázsia"},
{"azon":"19","orszag":"Jugoszlávia","kontinens":"Európa"},
{"azon":"20","orszag":"Kanada","kontinens":"Észak- és Közép-Amerika"},
{"azon":"21","orszag":"Kína","kontinens":"Ázsia"},
{"azon":"22","orszag":"Kolumbia","kontinens":"Dél-Amerika"},
{"azon":"23","orszag":"Lengyelország","kontinens":"Európa"},
{"azon":"24","orszag":"Magyarország","kontinens":"Európa"},
{"azon":"25","orszag":"Mexikó","kontinens":"Észak- és Közép-Amerika"},
{"azon":"26","orszag":"Nagy-Britannia","kontinens":"Európa"},
{"azon":"27","orszag":"Németország","kontinens":"Európa"},
{"azon":"28","orszag":"Nigéria","kontinens":"Afrika"},
{"azon":"29","orszag":"Norvégia","kontinens":"Európa"},
{"azon":"30","orszag":"Olaszország","kontinens":"Európa"},
{"azon":"31","orszag":"Portugália","kontinens":"Európa"},
{"azon":"32","orszag":"Saint Lucia","kontinens":"Észak- és Közép-Amerika"},
{"azon":"33","orszag":"Spanyolország","kontinens":"Európa"},
{"azon":"34","orszag":"Svájc","kontinens":"Európa"},
{"azon":"35","orszag":"Svédország","kontinens":"Európa"},
{"azon":"36","orszag":"Törökország","kontinens":"Ázsia"},
{"azon":"37","orszag":"Trinidad és Tobago","kontinens":"Észak- és Közép-Amerika"}
],
"iro": 
[
{"azon":"1","ev":"1957","szemely":"Albert Camus","szulhely":"11"},
{"azon":"2","ev":"1970","szemely":"Alekszandr Iszajevics Szolzsenyicin","szulhely":"30"},
{"azon":"3","ev":"1921","szemely":"Anatole France","szulhely":"11"},
{"azon":"4","ev":"1947","szemely":"André Gide","szulhely":"11"},
{"azon":"5","ev":"1950","szemely":"Bertrand Russell","szulhely":"26"},
{"azon":"6","ev":"1903","szemely":"Björnstjerne Björnson","szulhely":"29"},
{"azon":"7","ev":"1958","szemely":"Borisz Paszternak","szulhely":"30"},
{"azon":"8","ev":"1989","szemely":"Camilo José Cela","szulhely":"33"},
{"azon":"9","ev":"1919","szemely":"Carl Spitteler","szulhely":"34"},
{"azon":"10","ev":"1985","szemely":"Claude Simon","szulhely":"11"},
{"azon":"11","ev":"1980","szemely":"Czeslaw Milosz","szulhely":"23"},
{"azon":"12","ev":"1997","szemely":"Dario Fo","szulhely":"30"},
{"azon":"13","ev":"1992","szemely":"Derek Walcott","szulhely":"32"},
{"azon":"14","ev":"2004","szemely":"Elfriede Jelinek","szulhely":"2"},
{"azon":"15","ev":"1981","szemely":"Elias Canetti","szulhely":"26"},
{"azon":"16","ev":"1931","szemely":"Erik Axel Karlfeldt","szulhely":"35"},
{"azon":"17","ev":"1954","szemely":"Ernest Hemingway","szulhely":"8"},
{"azon":"18","ev":"1936","szemely":"Eugene O'Neill","szulhely":"8"},
{"azon":"19","ev":"1975","szemely":"Eugenio Montale","szulhely":"30"},
{"azon":"20","ev":"1974","szemely":"Eyvind Johnson","szulhely":"35"},
{"azon":"21","ev":"1952","szemely":"Francois Mauriac","szulhely":"11"},
{"azon":"22","ev":"1939","szemely":"Frans Eemil Sillanpää","szulhely":"10"},
{"azon":"23","ev":"1904","szemely":"Frédéric Mistral","szulhely":"11"},
{"azon":"24","ev":"1982","szemely":"Gabriel García Márquez","szulhely":"22"},
{"azon":"25","ev":"1945","szemely":"Gabriela Mistral","szulhely":"4"},
{"azon":"26","ev":"1925","szemely":"George Bernard Shaw","szulhely":"15"},
{"azon":"27","ev":"1912","szemely":"Gerhart Hauptmann","szulhely":"27"},
{"azon":"28","ev":"1906","szemely":"Giosue Carducci","szulhely":"30"},
{"azon":"29","ev":"1926","szemely":"Grazia Deledda","szulhely":"30"},
{"azon":"30","ev":"1999","szemely":"Günter Grass","szulhely":"27"},
{"azon":"31","ev":"1955","szemely":"Halldór Laxness","szulhely":"16"},
{"azon":"32","ev":"2005","szemely":"Harold Pinter","szulhely":"26"},
{"azon":"33","ev":"1974","szemely":"Harry Martinson","szulhely":"35"},
{"azon":"34","ev":"1972","szemely":"Heinrich Böll","szulhely":"27"},
{"azon":"35","ev":"1927","szemely":"Henri Bergson","szulhely":"11"},
{"azon":"36","ev":"1917","szemely":"Henrik Pontoppidan","szulhely":"6"},
{"azon":"37","ev":"1905","szemely":"Henryk Sienkiewicz","szulhely":"23"},
{"azon":"38","ev":"1946","szemely":"Hermann Hesse","szulhely":"27"},
{"azon":"39","ev":"1978","szemely":"Isaac Bashevis Singer","szulhely":"8"},
{"azon":"40","ev":"1933","szemely":"Ivan Alekszejevics Bunyin","szulhely":"30"},
{"azon":"41","ev":"1961","szemely":"Ivo Andric","szulhely":"19"},
{"azon":"42","ev":"1922","szemely":"Jacinto Benavente","szulhely":"33"},
{"azon":"43","ev":"1984","szemely":"Jaroslav Seifert","szulhely":"5"},
{"azon":"44","ev":"1964","szemely":"Jean-Paul Sartre","szulhely":"11"},
{"azon":"45","ev":"1944","szemely":"Johannes Vilhelm Jensen","szulhely":"6"},
{"azon":"46","ev":"1932","szemely":"John Galsworthy","szulhely":"26"},
{"azon":"47","ev":"2003","szemely":"John Maxwell Coetzee","szulhely":"7"},
{"azon":"48","ev":"1962","szemely":"John Steinbeck","szulhely":"8"},
{"azon":"49","ev":"1963","szemely":"Jorgosz Szeferisz","szulhely":"12"},
{"azon":"50","ev":"1904","szemely":"José Echegaray y Eizaguirre","szulhely":"33"},
{"azon":"51","ev":"1998","szemely":"José Saramago","szulhely":"31"},
{"azon":"52","ev":"1987","szemely":"Joszif Alekszandrovics Brodszkij","szulhely":"30"},
{"azon":"53","ev":"1956","szemely":"Juan Ramón Jiménez","szulhely":"33"},
{"azon":"54","ev":"2000","szemely":"Kao Hszing-csien","szulhely":"21"},
{"azon":"55","ev":"1917","szemely":"Karl Adolph Gjellerup","szulhely":"6"},
{"azon":"56","ev":"1968","szemely":"Kavabata Jaszunari","szulhely":"18"},
{"azon":"57","ev":"2002","szemely":"Kertész Imre","szulhely":"24"},
{"azon":"58","ev":"1920","szemely":"Knut Hamsun","szulhely":"29"},
{"azon":"59","ev":"1934","szemely":"Luigi Pirandello","szulhely":"30"},
{"azon":"60","ev":"1911","szemely":"Maurice Maeterlinck gróf","szulhely":"3"},
{"azon":"61","ev":"1967","szemely":"Miguel Ángel Asturias","szulhely":"13"},
{"azon":"62","ev":"1965","szemely":"Mihail Solohov","szulhely":"30"},
{"azon":"63","ev":"1991","szemely":"Nadine Gordimer","szulhely":"7"},
{"azon":"64","ev":"1988","szemely":"Nagíb Mahfúz","szulhely":"9"},
{"azon":"65","ev":"1966","szemely":"Nelly Sachs","szulhely":"27"},
{"azon":"66","ev":"1990","szemely":"Octavio Paz","szulhely":"25"},
{"azon":"67","ev":"1979","szemely":"Odisszeasz Elitisz","szulhely":"12"},
{"azon":"68","ev":"1994","szemely":"Óe Kendzaburó","szulhely":"18"},
{"azon":"69","ev":"2006","szemely":"Orhan Pamuk","szulhely":"36"},
{"azon":"70","ev":"1971","szemely":"Pablo Neruda","szulhely":"4"},
{"azon":"71","ev":"1951","szemely":"Pär Lagerkvist","szulhely":"35"},
{"azon":"72","ev":"1973","szemely":"Patrick White","szulhely":"1"},
{"azon":"73","ev":"1910","szemely":"Paul Heyse","szulhely":"27"},
{"azon":"74","ev":"1938","szemely":"Pearl S. Buck","szulhely":"8"},
{"azon":"75","ev":"1913","szemely":"Rabindranath Tagore","szulhely":"14"},
{"azon":"76","ev":"1937","szemely":"Roger Martin du Gard","szulhely":"11"},
{"azon":"77","ev":"1915","szemely":"Romain Rolland","szulhely":"11"},
{"azon":"78","ev":"1908","szemely":"Rudolf Eucken","szulhely":"27"},
{"azon":"79","ev":"1907","szemely":"Rudyard Kipling","szulhely":"26"},
{"azon":"80","ev":"1960","szemely":"Saint-John Perse","szulhely":"11"},
{"azon":"81","ev":"1959","szemely":"Salvatore Quasimodo","szulhely":"30"},
{"azon":"82","ev":"1969","szemely":"Samuel Beckett","szulhely":"15"},
{"azon":"83","ev":"1976","szemely":"Saul Bellow","szulhely":"20"},
{"azon":"84","ev":"1995","szemely":"Seamus Heaney","szulhely":"15"},
{"azon":"85","ev":"1909","szemely":"Selma Lagerlöf","szulhely":"35"},
{"azon":"86","ev":"1928","szemely":"Sigrid Undset","szulhely":"29"},
{"azon":"87","ev":"1930","szemely":"Sinclair Lewis","szulhely":"8"},
{"azon":"88","ev":"1953","szemely":"Sir Winston Churchill","szulhely":"26"},
{"azon":"89","ev":"1966","szemely":"Sömuel Joszéf Agnon","szulhely":"17"},
{"azon":"90","ev":"1901","szemely":"Sully Prudhomme","szulhely":"11"},
{"azon":"91","ev":"1902","szemely":"Theodor Mommsen","szulhely":"27"},
{"azon":"92","ev":"1929","szemely":"Thomas Mann","szulhely":"27"},
{"azon":"93","ev":"1948","szemely":"Thomas Stearns Eliot","szulhely":"26"},
{"azon":"94","ev":"1993","szemely":"Toni Morrison","szulhely":"8"},
{"azon":"95","ev":"1916","szemely":"Verner von Heidenstam","szulhely":"35"},
{"azon":"96","ev":"1977","szemely":"Vicente Aleixandre","szulhely":"33"},
{"azon":"97","ev":"2001","szemely":"Vidiadhar Surajprasad Naipaul","szulhely":"37"},
{"azon":"98","ev":"1923","szemely":"William Butler Yeats","szulhely":"15"},
{"azon":"99","ev":"1949","szemely":"William Faulkner","szulhely":"8"},
{"azon":"100","ev":"1983","szemely":"William Golding","szulhely":"26"},
{"azon":"101","ev":"1996","szemely":"Wislawa Szymborska","szulhely":"23"},
{"azon":"102","ev":"1924","szemely":"Wladyslaw Reymont","szulhely":"23"},
{"azon":"103","ev":"1986","szemely":"Wole Soyinka","szulhely":"28"}
]
}

