[
	{
		"id": 1,
		"name": "Alfa Romeo"
	},
	{
		"id": 2,
		"name": "BMW"
	},
	{
		"id": 3,
		"name": "Citroën"
	},
	{
		"id": 4,
		"name": "Dacia"
	},
	{
		"id": 5,
		"name": "Honda"
	},
	{
		"id": 6,
		"name": "Jeep"
	},
	{
		"id": 7,
		"name": "Kia"
	},
	{
		"id": 8,
		"name": "Land Rover"
	},
	{
		"id": 9,
		"name": "Lexus"
	},
	{
		"id": 10,
		"name": "Mazda"
	},
	{
		"id": 11,
		"name": "Mercedes-Benz"
	},
	{
		"id": 12,
		"name": "MG"
	},
	{
		"id": 13,
		"name": "Nissan"
	},
	{
		"id": 14,
		"name": "Opel/Vauxhall"
	},
	{
		"id": 15,
		"name": "Peugeot"
	},
	{
		"id": 16,
		"name": "Renault"
	},
	{
		"id": 17,
		"name": "Toyota"
	},
	{
		"id": 18,
		"name": "Volkswagen"
	}	
]
