[
  {
    "Title": "A Daughter of the Snows",
    "PageCount": 199,
    "Author": "Jack London",
    "Type": "Guide"
  },
  {
    "Title": "The Near East: 10,000 Years of History",
    "PageCount": 298,
    "Author": "Isaac Asimov",
    "Type": "Journals"
  },
  {
    "Title": "The Cocoon: A Rest-Cure Comedy",
    "PageCount": 90,
    "Author": "Ruth Stuart",
    "Type": "Diaries"
  },
  {
    "Title": "The Freakshow Murders",
    "PageCount": 321,
    "Author": "Frederic Brow",
    "Type": "Drama"
  },
  {
    "Title": "Pharaohs, Fellahs and Explorers",
    "PageCount": 367,
    "Author": "Amelia B. Edwards",
    "Type": "Guide"
  },
  {
    "Title": "Hard Times",
    "PageCount": 293,
    "Author": "Charles Dickens",
    "Type": "Science fiction"
  },
  {
    "Title": "A Modern Instance",
    "PageCount": 222,
    "Author": "William Dea Howells",
    "Type": "Diaries"
  },
  {
    "Title": "The Real Mother Goose",
    "PageCount": 88,
    "Author": "Mother Goose",
    "Type": "Science fiction"
  },
  {
    "Title": "A Thousand Miles Up the Nile",
    "PageCount": 110,
    "Author": "Amelia B. Edwards",
    "Type": "Art"
  },
  {
    "Title": "Children of Blood and Bone",
    "PageCount": 137,
    "Author": "Titus Lucretius",
    "Type": "Journals"
  },
  {
    "Title": "A pushcart at the curb",
    "PageCount": 95,
    "Author": "Joh DosPassos",
    "Type": "Science fiction"
  },
  {
    "Title": "The Desert and the Sow",
    "PageCount": 126,
    "Author": "Mary Hallock Foote",
    "Type": "Diaries"
  },
  {
    "Title": "Three Soldiers",
    "PageCount": 223,
    "Author": "Joh DosPassos",
    "Type": "History"
  },
  {
    "Title": "The End of Eternity",
    "PageCount": 168,
    "Author": "Isaac Asimov",
    "Type": "Science fiction"
  },
  {
    "Title": "Annie Kilbur",
    "PageCount": 291,
    "Author": "William Dea Howells",
    "Type": "Diaries"
  },
  {
    "Title": "A Touch of Sun and Other Stories",
    "PageCount": 141,
    "Author": "Mary Hallock Foote",
    "Type": "Guide"
  },
  {
    "Title": "Show Boat",
    "PageCount": 151,
    "Author": "Edna Ferber",
    "Type": "Art"
  },
  {
    "Title": "The Call of the Wild",
    "PageCount": 362,
    "Author": "Jack London",
    "Type": "Art"
  },
  {
    "Title": "My Mark Twai",
    "PageCount": 339,
    "Author": "William Dea Howells",
    "Type": "Guide"
  },
  {
    "Title": "Broken Ties",
    "PageCount": 134,
    "Author": "Rabindranath Tagore",
    "Type": "Romance"
  },
  {
    "Title": "Short Stories From American History",
    "PageCount": 305,
    "Author": "Albert Blaisdell",
    "Type": "Health"
  },
  {
    "Title": "Mrs Rosie and the Priest",
    "PageCount": 104,
    "Author": "Givoanni Boccaccio",
    "Type": "Biographies"
  },
  {
    "Title": "So Big",
    "PageCount": 209,
    "Author": "Edna Ferber",
    "Type": "Drama"
  },
  {
    "Title": "Monsieur Maurice",
    "PageCount": 92,
    "Author": "Amelia B. Edwards",
    "Type": "Health"
  },
  {
    "Title": "The Master of Ballantrae",
    "PageCount": 236,
    "Author": "Robert Louis Stevenso",
    "Type": "Journals"
  },
  {
    "Title": "The Unlived Life of Little Mary Elle",
    "PageCount": 99,
    "Author": "Ruth Stuart",
    "Type": "Mystery"
  },
  {
    "Title": "Mouse - The Last Trai",
    "PageCount": 184,
    "Author": "Frederic Brow",
    "Type": "Biographies"
  },
  {
    "Title": "Edith Bonham",
    "PageCount": 122,
    "Author": "Mary Hallock Foote",
    "Type": "Horror"
  },
  {
    "Title": "Maybe Mother Goose",
    "PageCount": 161,
    "Author": "Mother Goose",
    "Type": "Biographies"
  },
  {
    "Title": "The Noble Gases",
    "PageCount": 321,
    "Author": "Isaac Asimov",
    "Type": "Romance"
  },
  {
    "Title": "Rainy Week",
    "PageCount": 98,
    "Author": "Eleanor Hallowell Abbott",
    "Type": "Horror"
  },
  {
    "Title": "A Hazard of New Fortunes",
    "PageCount": 144,
    "Author": "William Dea Howells",
    "Type": "Action and Adventure"
  },
  {
    "Title": "A Plot for Murder",
    "PageCount": 108,
    "Author": "Frederic Brow",
    "Type": "Journals"
  },
  {
    "Title": "Nature",
    "PageCount": 357,
    "Author": "Ralph Waldo Emerso",
    "Type": "Health"
  },
  {
    "Title": "Hickory Dickory Dock",
    "PageCount": 326,
    "Author": "Mother Goose",
    "Type": "Mystery"
  },
  {
    "Title": "Big Fat He",
    "PageCount": 232,
    "Author": "Mother Goose",
    "Type": "Diaries"
  },
  {
    "Title": "The Lone Star Ranger",
    "PageCount": 328,
    "Author": "Zane Grey",
    "Type": "Guide"
  },
  {
    "Title": "The Great Fire of Londo",
    "PageCount": 252,
    "Author": "Samuel Pepys",
    "Type": "Guide"
  },
  {
    "Title": "White Nights",
    "PageCount": 265,
    "Author": "Fyodor Dostoevsky",
    "Type": "Biographies"
  },
  {
    "Title": "In a Glass Darkly",
    "PageCount": 173,
    "Author": "Joseph Sherida LeFanu",
    "Type": "Guide"
  },
  {
    "Title": "Fanny herself",
    "PageCount": 248,
    "Author": "Edna Ferber",
    "Type": "Diaries"
  },
  {
    "Title": "Loaded",
    "PageCount": 273,
    "Author": "Frederic Brow",
    "Type": "Action and Adventure"
  },
  {
    "Title": "A Foregone Conclusio",
    "PageCount": 121,
    "Author": "William Dea Howells",
    "Type": "Fantasy"
  },
  {
    "Title": "The Hill of Dreams",
    "PageCount": 175,
    "Author": "Arthur Mache",
    "Type": "Mystery"
  },
  {
    "Title": "Adventure",
    "PageCount": 217,
    "Author": "Jack London",
    "Type": "Health"
  },
  {
    "Title": "A Tagore Reader",
    "PageCount": 285,
    "Author": "Rabindranath Tagore",
    "Type": "Action and Adventure"
  },
  {
    "Title": "A Tale of Two Cities",
    "PageCount": 331,
    "Author": "Charles Dickens",
    "Type": "Journals"
  },
  {
    "Title": "Dombey and So",
    "PageCount": 344,
    "Author": "Charles Dickens",
    "Type": "Biographies"
  },
  {
    "Title": "Famous Wome",
    "PageCount": 273,
    "Author": "Givoanni Boccaccio",
    "Type": "Science fiction"
  },
  {
    "Title": "Rejection, The Ruling Spirit",
    "PageCount": 358,
    "Author": "Ellis Butler",
    "Type": "Satire"
  },
  {
    "Title": "Little Dorrit",
    "PageCount": 314,
    "Author": "Charles Dickens",
    "Type": "Journals"
  },
  {
    "Title": "The Four-Fifteen Express",
    "PageCount": 201,
    "Author": "Amelia B. Edwards",
    "Type": "Satire"
  },
  {
    "Title": "Fairy Prince and Other Stories",
    "PageCount": 306,
    "Author": "Eleanor Hallowell Abbott",
    "Type": "Fantasy"
  },
  {
    "Title": "Ten Tales from the Decamero",
    "PageCount": 183,
    "Author": "Givoanni Boccaccio",
    "Type": "Romance"
  },
  {
    "Title": "The Double",
    "PageCount": 372,
    "Author": "Fyodor Dostoevsky",
    "Type": "Science"
  },
  {
    "Title": "A Flight Of Swans",
    "PageCount": 115,
    "Author": "Rabindranath Tagore",
    "Type": "Health"
  },
  {
    "Title": "The Phantom Coach",
    "PageCount": 243,
    "Author": "Amelia B. Edwards",
    "Type": "Science"
  },
  {
    "Title": "The Game",
    "PageCount": 209,
    "Author": "Jack London",
    "Type": "Diaries"
  },
  {
    "Title": "Rico and Wiseli",
    "PageCount": 309,
    "Author": "Johanna Spyri",
    "Type": "Health"
  },
  {
    "Title": "The Shorter Pepys",
    "PageCount": 276,
    "Author": "Samuel Pepys",
    "Type": "Romance"
  },
  {
    "Title": "My Life Had Stood a Loaded Gun",
    "PageCount": 278,
    "Author": "Emily Dickinso",
    "Type": "Diaries"
  },
  {
    "Title": "A Tagore Testament",
    "PageCount": 268,
    "Author": "Rabindranath Tagore",
    "Type": "Fantasy"
  },
  {
    "Title": "The Cruise of the Dazzler",
    "PageCount": 140,
    "Author": "Jack London",
    "Type": "Diaries"
  },
  {
    "Title": "To the Lighthouse",
    "PageCount": 90,
    "Author": "Virginia Woolf",
    "Type": "Satire"
  },
  {
    "Title": "The Terror",
    "PageCount": 293,
    "Author": "Arthur Mache",
    "Type": "Art"
  },
  {
    "Title": "The Sick-a-Bed Lady",
    "PageCount": 369,
    "Author": "Eleanor Hallowell Abbott",
    "Type": "Guide"
  },
  {
    "Title": "Christmas Every Day",
    "PageCount": 98,
    "Author": "William Dea Howells",
    "Type": "Journals"
  },
  {
    "Title": "The home-maker",
    "PageCount": 316,
    "Author": "Dorothy Canfield",
    "Type": "Biographies"
  },
  {
    "Title": "The Ground-Swell",
    "PageCount": 193,
    "Author": "Mary Hallock Foote",
    "Type": "Diaries"
  },
  {
    "Title": "A Sleep and a Forgetting",
    "PageCount": 360,
    "Author": "William Dea Howells",
    "Type": "Satire"
  },
  {
    "Title": "Nicholas Nickleby",
    "PageCount": 219,
    "Author": "Charles Dickens",
    "Type": "Science fiction"
  },
  {
    "Title": "The Whole Family: A Novel by Twelve Authors",
    "PageCount": 149,
    "Author": "William Dea Howells",
    "Type": "Mystery"
  },
  {
    "Title": "Middlemarch",
    "PageCount": 288,
    "Author": "George Eliot",
    "Type": "Comics"
  },
  {
    "Title": "Life of Dante",
    "PageCount": 156,
    "Author": "Givoanni Boccaccio",
    "Type": "Biographies"
  },
  {
    "Title": "Short Stories From English History",
    "PageCount": 189,
    "Author": "Albert Blaisdell",
    "Type": "Satire"
  },
  {
    "Title": "Little Eve Edgarto",
    "PageCount": 306,
    "Author": "Eleanor Hallowell Abbott",
    "Type": "Romance"
  },
  {
    "Title": "The Kingdom of the Su",
    "PageCount": 189,
    "Author": "Isaac Asimov",
    "Type": "Guide"
  },
  {
    "Title": "Indian Summer",
    "PageCount": 107,
    "Author": "William Dea Howells",
    "Type": "Biographies"
  },
  {
    "Title": "Mrs Dalloway",
    "PageCount": 321,
    "Author": "Virginia Woolf",
    "Type": "Romance"
  },
  {
    "Title": "Demons",
    "PageCount": 232,
    "Author": "Fyodor Dostoevsky",
    "Type": "Fantasy"
  },
  {
    "Title": "The Last Trail",
    "PageCount": 116,
    "Author": "Zane Grey",
    "Type": "Biographies"
  },
  {
    "Title": "The Fredric Brown Megapack",
    "PageCount": 324,
    "Author": "Frederic Brow",
    "Type": "History"
  },
  {
    "Title": "The Decameron: Selected Tales",
    "PageCount": 337,
    "Author": "Givoanni Boccaccio",
    "Type": "Science"
  },
  {
    "Title": "Th bent twig",
    "PageCount": 367,
    "Author": "Dorothy Canfield",
    "Type": "Drama"
  },
  {
    "Title": "Things near and far",
    "PageCount": 199,
    "Author": "Arthur Mache",
    "Type": "Mystery"
  },
  {
    "Title": "The Story of Salome",
    "PageCount": 316,
    "Author": "Amelia B. Edwards",
    "Type": "Comics"
  },
  {
    "Title": "The Destruction of Our Childre",
    "PageCount": 104,
    "Author": "Ellis Butler",
    "Type": "Guide"
  },
  {
    "Title": "Collected Stories",
    "PageCount": 295,
    "Author": "Rabindranath Tagore",
    "Type": "Action and Adventure"
  },
  {
    "Title": "The House of the Dead",
    "PageCount": 209,
    "Author": "Fyodor Dostoevsky",
    "Type": "Satire"
  },
  {
    "Title": "Sonny: A Christmas Guest",
    "PageCount": 186,
    "Author": "Ruth Stuart",
    "Type": "Mystery"
  },
  {
    "Title": "Amores",
    "PageCount": 297,
    "Author": "Publius Ovid",
    "Type": "Diaries"
  },
  {
    "Title": "Chaturanga",
    "PageCount": 218,
    "Author": "Rabindranath Tagore",
    "Type": "Diaries"
  },
  {
    "Title": "Little Eve Edgarto",
    "PageCount": 247,
    "Author": "Eleanor Hallowell Abbott",
    "Type": "Biographies"
  },
  {
    "Title": "Chitra",
    "PageCount": 122,
    "Author": "Rabindranath Tagore",
    "Type": "Guide"
  },
  {
    "Title": "The Iron Heel",
    "PageCount": 81,
    "Author": "Jack London",
    "Type": "Fantasy"
  },
  {
    "Title": "Self Reliance",
    "PageCount": 137,
    "Author": "Ralph Waldo Emerso",
    "Type": "Art"
  },
  {
    "Title": "The Great God Pan And The Hill Of Dreams",
    "PageCount": 158,
    "Author": "Arthur Mache",
    "Type": "Romance"
  },
  {
    "Title": "The White People and Other Weird Stories",
    "PageCount": 100,
    "Author": "Arthur Mache",
    "Type": "Fantasy"
  },
  {
    "Title": "The Diary of Samuel Pepys: A Selectio",
    "PageCount": 271,
    "Author": "Samuel Pepys",
    "Type": "Drama"
  },
  {
    "Title": "The Rise of Silas Lapham",
    "PageCount": 314,
    "Author": "William Dea Howells",
    "Type": "Satire"
  },
  {
    "Title": "The Mystery of Edwin Drood",
    "PageCount": 340,
    "Author": "Charles Dickens",
    "Type": "Diaries"
  },
  {
    "Title": "In Exile and Other Stories",
    "PageCount": 140,
    "Author": "Mary Hallock Foote",
    "Type": "Comics"
  },
  {
    "Title": "Bleak House",
    "PageCount": 130,
    "Author": "Charles Dickens",
    "Type": "Art"
  },
  {
    "Title": "U.S.A Trilogy",
    "PageCount": 118,
    "Author": "Joh DosPassos",
    "Type": "Science fiction"
  },
  {
    "Title": "A Comedy of Masks",
    "PageCount": 237,
    "Author": "Ernest Dowso",
    "Type": "Journals"
  },
  {
    "Title": "Barnaby Rudge",
    "PageCount": 380,
    "Author": "Charles Dickens",
    "Type": "Diaries"
  },
  {
    "Title": "Heroic Deeds of American Sailors",
    "PageCount": 243,
    "Author": "Albert Blaisdell",
    "Type": "Science fiction"
  },
  {
    "Title": "A Bouquet",
    "PageCount": 309,
    "Author": "Ernest Dowso",
    "Type": "Art"
  },
  {
    "Title": "Editha",
    "PageCount": 155,
    "Author": "William Dea Howells",
    "Type": "Art"
  },
  {
    "Title": "Manhattan Transfer",
    "PageCount": 124,
    "Author": "Joh DosPassos",
    "Type": "Drama"
  },
  {
    "Title": "Fasti",
    "PageCount": 325,
    "Author": "Publius Ovid",
    "Type": "Horror"
  },
  {
    "Title": "Hearts of Three",
    "PageCount": 272,
    "Author": "Jack London",
    "Type": "Satire"
  },
  {
    "Title": "Speak, Memory",
    "PageCount": 154,
    "Author": "Vladimir Nabokov",
    "Type": "Fantasy"
  },
  {
    "Title": "Kidnapped",
    "PageCount": 334,
    "Author": "Robert Louis Stevenso",
    "Type": "Drama"
  },
  {
    "Title": "The Brothers Karamazov",
    "PageCount": 161,
    "Author": "Fyodor Dostoevsky",
    "Type": "Mystery"
  },
  {
    "Title": "Envelope Poems",
    "PageCount": 342,
    "Author": "Emily Dickinso",
    "Type": "Fantasy"
  },
  {
    "Title": "Selected Poems",
    "PageCount": 203,
    "Author": "Emily Dickinso",
    "Type": "Guide"
  },
  {
    "Title": "Gobolinks or Shadow Pictures for Young and Old",
    "PageCount": 332,
    "Author": "Ruth Stuart",
    "Type": "Romance"
  },
  {
    "Title": "The Decamero",
    "PageCount": 318,
    "Author": "Givoanni Boccaccio",
    "Type": "Diaries"
  },
  {
    "Title": "The Cock and Anchor",
    "PageCount": 133,
    "Author": "Joseph Sherida LeFanu",
    "Type": "Science fiction"
  },
  {
    "Title": "Adrian Rome",
    "PageCount": 259,
    "Author": "Ernest Dowso",
    "Type": "Journals"
  },
  {
    "Title": "Words in Genesis",
    "PageCount": 217,
    "Author": "Isaac Asimov",
    "Type": "Science"
  },
  {
    "Title": "Stories of Ohio",
    "PageCount": 191,
    "Author": "William Dea Howells",
    "Type": "Romance"
  },
  {
    "Title": "Treasure Island",
    "PageCount": 308,
    "Author": "Robert Louis Stevenso",
    "Type": "Action and Adventure"
  },
  {
    "Title": "Uncle Silas",
    "PageCount": 118,
    "Author": "Joseph Sherida LeFanu",
    "Type": "Science fiction"
  },
  {
    "Title": "The Idiot",
    "PageCount": 248,
    "Author": "Fyodor Dostoevsky",
    "Type": "Horror"
  },
  {
    "Title": "Inside The Atom",
    "PageCount": 176,
    "Author": "Isaac Asimov",
    "Type": "Action and Adventure"
  },
  {
    "Title": "The Story of Babette: A Little Creole Girl",
    "PageCount": 313,
    "Author": "Ruth Stuart",
    "Type": "Romance"
  },
  {
    "Title": "The Eternal Husband",
    "PageCount": 225,
    "Author": "Fyodor Dostoevsky",
    "Type": "Fantasy"
  },
  {
    "Title": "Heidi",
    "PageCount": 146,
    "Author": "Johanna Spyri",
    "Type": "Science"
  },
  {
    "Title": "The Concise Pepys",
    "PageCount": 303,
    "Author": "Samuel Pepys",
    "Type": "Journals"
  },
  {
    "Title": "Tales From Shakespeare",
    "PageCount": 121,
    "Author": "Albert Blaisdell",
    "Type": "Diaries"
  },
  {
    "Title": "Molly Make-Believe",
    "PageCount": 286,
    "Author": "Eleanor Hallowell Abbott",
    "Type": "Diaries"
  },
  {
    "Title": "Peace on Earth, Good Will to Dogs",
    "PageCount": 321,
    "Author": "Eleanor Hallowell Abbott",
    "Type": "Guide"
  },
  {
    "Title": "Miss Darkness",
    "PageCount": 360,
    "Author": "Frederic Brow",
    "Type": "Health"
  },
  {
    "Title": "Poor Folk",
    "PageCount": 202,
    "Author": "Fyodor Dostoevsky",
    "Type": "Horror"
  },
  {
    "Title": "Their Wedding Journey",
    "PageCount": 132,
    "Author": "William Dea Howells",
    "Type": "Art"
  },
  {
    "Title": "The Elegy of Lady Fiammetta",
    "PageCount": 157,
    "Author": "Givoanni Boccaccio",
    "Type": "Action and Adventure"
  },
  {
    "Title": "Art Of Tagore",
    "PageCount": 119,
    "Author": "Rabindranath Tagore",
    "Type": "History"
  },
  {
    "Title": "Chemistry and Human Health",
    "PageCount": 244,
    "Author": "Isaac Asimov",
    "Type": "Journals"
  },
  {
    "Title": "Realm of Numbers",
    "PageCount": 279,
    "Author": "Isaac Asimov",
    "Type": "Comics"
  },
  {
    "Title": "The Kempton-Wace Letters",
    "PageCount": 240,
    "Author": "Jack London",
    "Type": "Drama"
  },
  {
    "Title": "Crime and Punishment",
    "PageCount": 144,
    "Author": "Fyodor Dostoevsky",
    "Type": "Science"
  },
  {
    "Title": "Fairy Prince and Other Wonderful Stories",
    "PageCount": 219,
    "Author": "Eleanor Hallowell Abbott",
    "Type": "Science fiction"
  },
  {
    "Title": "Adam Bede",
    "PageCount": 303,
    "Author": "George Eliot",
    "Type": "Action and Adventure"
  },
  {
    "Title": "Madam Crowl's ghost",
    "PageCount": 344,
    "Author": "Joseph Sherida LeFanu",
    "Type": "Journals"
  },
  {
    "Title": "Is Anyone There?",
    "PageCount": 178,
    "Author": "Isaac Asimov",
    "Type": "Biographies"
  },
  {
    "Title": "An Imperative Duty",
    "PageCount": 100,
    "Author": "William Dea Howells",
    "Type": "Mystery"
  },
  {
    "Title": "Adding a Dimensio",
    "PageCount": 334,
    "Author": "Isaac Asimov",
    "Type": "Comics"
  },
  {
    "Title": "The Caves of Steel",
    "PageCount": 98,
    "Author": "Isaac Asimov",
    "Type": "Art"
  },
  {
    "Title": "Carmilla",
    "PageCount": 91,
    "Author": "Joseph Sherida LeFanu",
    "Type": "Art"
  },
  {
    "Title": 1919,
    "PageCount": 105,
    "Author": "Joh DosPassos",
    "Type": "Science"
  },
  {
    "Title": "Pale Fire",
    "PageCount": 250,
    "Author": "Vladimir Nabokov",
    "Type": "Journals"
  },
  {
    "Title": "Martin Chuzzlewit",
    "PageCount": 315,
    "Author": "Charles Dickens",
    "Type": "Drama"
  },
  {
    "Title": "Understood Betsy",
    "PageCount": 130,
    "Author": "Dorothy Canfield",
    "Type": "Horror"
  },
  {
    "Title": "The White Linen Nurse",
    "PageCount": 369,
    "Author": "Eleanor Hallowell Abbott",
    "Type": "Journals"
  },
  {
    "Title": "A Writer's Diary",
    "PageCount": 164,
    "Author": "Fyodor Dostoevsky",
    "Type": "Science fiction"
  },
  {
    "Title": "Pni",
    "PageCount": 233,
    "Author": "Vladimir Nabokov",
    "Type": "Biographies"
  },
  {
    "Title": "Honeymoon in Hell",
    "PageCount": 202,
    "Author": "Frederic Brow",
    "Type": "History"
  },
  {
    "Title": "The Black Arrow",
    "PageCount": 366,
    "Author": "Robert Louis Stevenso",
    "Type": "Diaries"
  },
  {
    "Title": "David Copperfield",
    "PageCount": 240,
    "Author": "Charles Dickens",
    "Type": "History"
  },
  {
    "Title": "Famous Ghost Stories",
    "PageCount": 152,
    "Author": "Amelia B. Edwards",
    "Type": "Drama"
  },
  {
    "Title": "Book Of Indian Braves",
    "PageCount": 117,
    "Author": "Kate Dickinso Sweetser",
    "Type": "Health"
  },
  {
    "Title": "Binodini",
    "PageCount": 306,
    "Author": "Rabindranath Tagore",
    "Type": "Health"
  },
  {
    "Title": "Holly And Pizen, And Other Stories",
    "PageCount": 220,
    "Author": "Ruth Stuart",
    "Type": "Science"
  },
  {
    "Title": "Lolita",
    "PageCount": 153,
    "Author": "Vladimir Nabokov",
    "Type": "Satire"
  },
  {
    "Title": "The Best Short Stories",
    "PageCount": 115,
    "Author": "Fyodor Dostoevsky",
    "Type": "Satire"
  },
  {
    "Title": "Cimarro",
    "PageCount": 101,
    "Author": "Edna Ferber",
    "Type": "Science"
  }
]